Kecepatan_Rata2,Umur_Pengendara,Pengalaman_Pengendara,Resiko_Kecelakaan,Durasi_Perjalanan,Pengetahuan_Mobil,Tipe_Jalanan,Mobil_Favorit,Kepribadian,Output
72.23,32,99,1.13,3,3.62,Berkelok-kelok,Mercedes-Benz,Disiplin,Nascar
69.92,43,68,1.41,6,3.03,Terjal dan Bergelombang,BMW,Disiplin,Nascar
67.99,51,47,3.07,6,1.56,Berkelok-kelok,Toyota,Strategis,Rally
78.33,26,61,1.38,5,4.29,Berkelok-kelok,Mercedes-Benz,Adaptif,Nascar
56.2,52,45,4.33,5,3.85,Putaran Pendek,Chevrolet,Disiplin,Rally
85.13,55,61,3.36,6,2.42,Putaran Pendek,BMW,Strategis,Nascar
63.37,21,80,3.1,4,1.79,Berkelok-kelok,Mitsubishi,Disiplin,Endurance
66.4,46,78,2.25,6,3.2,Berkelok-kelok,Chevrolet,Adaptif,Endurance
87.56,43,93,1.33,3,2.01,Terjal dan Bergelombang,Chevrolet,Disiplin,Nascar
67.41,27,78,2.9,2,3.36,Putaran Pendek,Toyota,Strategis,Endurance
74.2,21,41,4.37,2,3.71,Terjal dan Bergelombang,Chevrolet,Adaptif,Rally
67.05,59,89,2.21,3,4.83,Terjal dan Bergelombang,Mercedes-Benz,Strategis,Endurance
91.49,38,63,1.01,6,2.07,Putaran Pendek,Lancia,Presisi,Nascar
71.32,52,29,4.32,6,1.7,Berkelok-kelok,Toyota,Strategis,Rally
50.84,43,70,4.48,4,4.25,Putaran Pendek,Mercedes-Benz,Adaptif,Endurance
64.62,38,83,1.59,3,4.01,Putaran Pendek,Lancia,Disiplin,Endurance
57.07,42,71,4.01,6,1.6,Berkelok-kelok,Chevrolet,Disiplin,Rally
66.87,24,58,1.8,3,3.76,Terjal dan Bergelombang,Chevrolet,Disiplin,Endurance
71.01,45,69,0.33,6,4.33,Berkelok-kelok,Lancia,Disiplin,Nascar
64.42,39,47,3.52,6,1.43,Berkelok-kelok,Chevrolet,Strategis,Endurance
72.31,35,67,0.23,6,3.02,Putaran Pendek,BMW,Strategis,Nascar
59.34,54,53,2.9,4,4.19,Putaran Pendek,Mercedes-Benz,Disiplin,Endurance
84.59,22,59,2.0,6,3.2,Berkelok-kelok,Mercedes-Benz,Adaptif,Nascar
74.84,45,87,0.56,5,3.95,Putaran Pendek,BMW,Adaptif,Nascar
60.41,55,85,2.42,6,4.33,Putaran Pendek,Mitsubishi,Disiplin,Endurance
70.24,21,40,3.44,6,2.53,Putaran Pendek,BMW,Berani,Rally
73.19,37,28,4.31,2,1.69,Terjal dan Bergelombang,Toyota,Fokus,Rally
91.42,48,71,3.48,3,2.51,Terjal dan Bergelombang,Lancia,Presisi,Nascar
84.97,48,60,1.01,4,2.19,Berkelok-kelok,Mercedes-Benz,Adaptif,Nascar
84.85,50,94,2.19,3,1.74,Putaran Pendek,Toyota,Fokus,Nascar
68.83,47,33,3.56,4,4.46,Berkelok-kelok,Toyota,Fokus,Rally
65.4,45,16,4.22,6,3.24,Putaran Pendek,Lancia,Strategis,Rally
88.72,54,63,1.15,5,2.16,Berkelok-kelok,Mitsubishi,Fokus,Nascar
53.72,21,63,3.78,6,3.94,Putaran Pendek,Lancia,Disiplin,Endurance
69.44,49,51,3.67,5,4.17,Terjal dan Bergelombang,Chevrolet,Fokus,Rally
63.18,26,43,3.6,5,3.51,Putaran Pendek,BMW,Adaptif,Rally
79.91,27,61,1.61,6,4.9,Terjal dan Bergelombang,BMW,Strategis,Nascar
67.05,35,80,1.77,5,4.17,Berkelok-kelok,BMW,Strategis,Endurance
72.6,56,89,1.67,4,2.51,Berkelok-kelok,Toyota,Adaptif,Nascar
86.35,42,70,2.93,3,4.41,Berkelok-kelok,BMW,Strategis,Nascar
83.11,56,55,3.88,5,1.3,Berkelok-kelok,Toyota,Fokus,Rally
63.65,48,56,3.94,2,2.73,Putaran Pendek,BMW,Presisi,Rally
71.02,58,44,3.54,4,3.51,Berkelok-kelok,Mercedes-Benz,Fokus,Rally
60.65,50,68,4.27,6,2.71,Terjal dan Bergelombang,Toyota,Disiplin,Endurance
77.67,35,67,1.36,2,2.87,Terjal dan Bergelombang,Chevrolet,Berani,Nascar
72.11,48,55,2.81,2,5.0,Terjal dan Bergelombang,BMW,Fokus,Endurance
70.47,29,65,4.1,4,4.17,Berkelok-kelok,Mercedes-Benz,Strategis,Endurance
72.91,44,87,2.44,5,3.06,Putaran Pendek,Mitsubishi,Fokus,Nascar
72.83,20,56,1.76,6,4.51,Berkelok-kelok,Mercedes-Benz,Berani,Nascar
82.02,34,63,2.42,3,3.14,Terjal dan Bergelombang,Lancia,Disiplin,Nascar
72.59,31,30,4.21,5,2.73,Putaran Pendek,Toyota,Berani,Rally
59.01,42,59,4.24,5,4.88,Berkelok-kelok,Lancia,Presisi,Rally
83.3,48,70,0.58,4,3.05,Berkelok-kelok,BMW,Disiplin,Nascar
63.49,54,75,2.99,4,1.15,Terjal dan Bergelombang,BMW,Fokus,Endurance
74.97,23,61,3.9,2,2.95,Terjal dan Bergelombang,Chevrolet,Fokus,Endurance
60.73,42,56,2.44,2,1.54,Berkelok-kelok,Lancia,Disiplin,Endurance
76.56,58,60,2.8,6,2.76,Terjal dan Bergelombang,BMW,Disiplin,Endurance
63.92,28,68,3.84,3,2.54,Berkelok-kelok,Lancia,Disiplin,Endurance
82.17,29,53,3.82,5,3.81,Putaran Pendek,Mercedes-Benz,Disiplin,Rally
49.77,33,68,4.13,2,1.12,Terjal dan Bergelombang,Lancia,Berani,Rally
63.78,50,75,2.16,3,2.73,Berkelok-kelok,Mitsubishi,Strategis,Endurance
78.58,39,87,2.98,6,2.41,Putaran Pendek,Toyota,Strategis,Nascar
91.94,57,64,2.17,5,2.54,Berkelok-kelok,Toyota,Presisi,Nascar
69.37,44,76,2.11,4,1.46,Putaran Pendek,Chevrolet,Fokus,Endurance
65.88,52,54,4.21,4,4.68,Putaran Pendek,Toyota,Berani,Rally
67.66,46,72,3.23,3,4.2,Terjal dan Bergelombang,Mercedes-Benz,Adaptif,Endurance
57.05,30,50,4.41,4,2.5,Terjal dan Bergelombang,Lancia,Berani,Rally
71.61,24,86,2.64,5,3.55,Berkelok-kelok,Mercedes-Benz,Presisi,Nascar
61.13,54,69,3.45,2,2.24,Putaran Pendek,Mitsubishi,Presisi,Endurance
70.27,25,45,3.49,5,4.3,Putaran Pendek,Mercedes-Benz,Adaptif,Rally
87.54,51,66,1.2,5,0.87,Berkelok-kelok,BMW,Fokus,Nascar
78.74,50,56,3.49,2,4.66,Berkelok-kelok,BMW,Presisi,Rally
87.74,40,76,2.62,3,4.35,Putaran Pendek,Chevrolet,Fokus,Nascar
78.06,30,44,4.27,6,3.68,Berkelok-kelok,Lancia,Disiplin,Rally
64.29,43,47,4.14,2,5.0,Berkelok-kelok,Mitsubishi,Adaptif,Rally
77.54,48,60,3.75,3,3.17,Terjal dan Bergelombang,Lancia,Strategis,Rally
75.32,28,65,2.82,2,1.55,Berkelok-kelok,Lancia,Disiplin,Endurance
57.52,33,43,3.96,2,4.16,Berkelok-kelok,Mercedes-Benz,Strategis,Endurance
74.66,43,100,0.83,3,4.78,Berkelok-kelok,BMW,Fokus,Nascar
90.34,47,99,0.13,4,3.01,Putaran Pendek,Lancia,Disiplin,Nascar
67.07,43,78,2.65,6,4.12,Terjal dan Bergelombang,Mitsubishi,Fokus,Endurance
77.83,43,52,4.04,4,3.87,Putaran Pendek,BMW,Adaptif,Rally
55.98,45,51,3.64,4,4.74,Berkelok-kelok,Toyota,Adaptif,Rally
59.03,58,69,3.07,6,2.42,Terjal dan Bergelombang,Mercedes-Benz,Strategis,Rally
64.03,48,63,2.62,3,5.0,Berkelok-kelok,Mitsubishi,Disiplin,Endurance
78.03,20,61,2.8,6,1.07,Berkelok-kelok,BMW,Disiplin,Nascar
91.88,23,98,1.65,5,4.12,Putaran Pendek,Chevrolet,Berani,Nascar
69.67,36,60,4.01,3,2.98,Putaran Pendek,Chevrolet,Berani,Endurance
63.61,32,72,1.91,4,4.27,Terjal dan Bergelombang,Mitsubishi,Disiplin,Endurance
70.54,26,44,4.25,6,1.29,Terjal dan Bergelombang,Lancia,Adaptif,Rally
75.76,43,97,2.39,4,4.28,Berkelok-kelok,Toyota,Strategis,Nascar
75.77,44,72,2.85,3,2.39,Putaran Pendek,Lancia,Presisi,Nascar
60.2,57,65,2.36,4,3.22,Terjal dan Bergelombang,Chevrolet,Presisi,Endurance
65.04,39,47,2.22,4,4.16,Putaran Pendek,BMW,Disiplin,Endurance
78.51,33,94,1.88,2,1.04,Putaran Pendek,Mercedes-Benz,Disiplin,Nascar
80.68,28,92,0.68,5,4.78,Putaran Pendek,Mitsubishi,Disiplin,Nascar
77.1,31,71,1.5,6,4.57,Terjal dan Bergelombang,Toyota,Presisi,Nascar
72.13,37,73,0.84,4,5.0,Berkelok-kelok,Toyota,Berani,Nascar
73.06,51,33,4.02,3,2.65,Putaran Pendek,Lancia,Fokus,Rally
81.91,27,51,0.6,2,2.75,Putaran Pendek,Lancia,Adaptif,Nascar
60.12,22,56,3.4,5,4.88,Terjal dan Bergelombang,Chevrolet,Disiplin,Rally
65.3,48,72,3.81,2,4.76,Berkelok-kelok,BMW,Strategis,Endurance
65.91,30,70,3.57,5,2.22,Berkelok-kelok,Mercedes-Benz,Adaptif,Rally
73.47,37,27,3.4,5,2.12,Putaran Pendek,Toyota,Adaptif,Rally
74.61,57,63,4.43,4,3.74,Putaran Pendek,Chevrolet,Fokus,Rally
71.71,24,65,4.21,6,2.28,Putaran Pendek,Mercedes-Benz,Disiplin,Rally
63.82,27,84,2.74,4,4.47,Putaran Pendek,BMW,Berani,Endurance
95.9,31,58,0.62,6,0.56,Berkelok-kelok,Mercedes-Benz,Berani,Nascar
53.29,20,33,3.73,6,3.27,Berkelok-kelok,Mitsubishi,Berani,Rally
65.71,21,58,3.69,3,1.73,Putaran Pendek,Lancia,Strategis,Endurance
61.26,55,70,2.34,6,4.29,Terjal dan Bergelombang,Lancia,Disiplin,Endurance
63.14,57,51,2.89,6,2.18,Berkelok-kelok,BMW,Disiplin,Endurance
67.55,25,19,3.92,4,1.29,Putaran Pendek,BMW,Strategis,Rally
55.77,27,39,4.03,5,3.4,Berkelok-kelok,Toyota,Adaptif,Rally
95.03,36,56,2.64,3,1.82,Terjal dan Bergelombang,Toyota,Adaptif,Nascar
67.79,31,40,4.19,3,2.82,Putaran Pendek,Mitsubishi,Berani,Rally
65.08,56,70,2.11,6,2.88,Berkelok-kelok,Toyota,Berani,Endurance
77.6,38,88,2.11,5,4.55,Putaran Pendek,BMW,Fokus,Nascar
54.8,39,72,4.44,3,0.94,Putaran Pendek,BMW,Berani,Rally
68.35,43,30,3.67,6,4.31,Berkelok-kelok,Toyota,Fokus,Rally
75.57,53,46,2.11,2,3.71,Putaran Pendek,Toyota,Fokus,Endurance
72.23,25,45,3.9,2,2.57,Putaran Pendek,BMW,Disiplin,Endurance
77.91,37,54,3.8,5,2.14,Berkelok-kelok,Chevrolet,Disiplin,Rally
89.67,48,76,1.16,3,4.5,Berkelok-kelok,Chevrolet,Strategis,Nascar
65.95,47,55,4.21,4,4.69,Putaran Pendek,Mitsubishi,Strategis,Rally
55.99,41,56,3.82,2,3.55,Berkelok-kelok,Chevrolet,Presisi,Rally
97.65,32,85,1.59,3,2.68,Berkelok-kelok,Chevrolet,Strategis,Nascar
55.11,41,37,4.19,3,4.31,Putaran Pendek,Toyota,Adaptif,Rally
60.6,50,90,3.42,3,0.84,Putaran Pendek,BMW,Presisi,Endurance
91.84,22,65,2.84,4,5.0,Berkelok-kelok,Toyota,Disiplin,Nascar
90.88,26,84,1.29,2,2.48,Berkelok-kelok,Chevrolet,Berani,Nascar
71.69,55,46,2.75,3,2.88,Berkelok-kelok,Lancia,Disiplin,Endurance
72.0,59,27,4.65,5,2.23,Berkelok-kelok,Chevrolet,Presisi,Rally
91.83,48,87,0.94,3,1.96,Putaran Pendek,Mercedes-Benz,Fokus,Nascar
69.12,48,67,2.66,6,1.89,Terjal dan Bergelombang,Mercedes-Benz,Strategis,Endurance
55.16,34,59,1.85,6,1.99,Berkelok-kelok,Lancia,Adaptif,Endurance
76.22,22,77,1.23,4,2.15,Berkelok-kelok,Lancia,Strategis,Nascar
64.87,59,67,4.26,3,4.78,Terjal dan Bergelombang,BMW,Adaptif,Endurance
82.68,36,91,0.48,4,4.56,Berkelok-kelok,Mercedes-Benz,Disiplin,Nascar
70.97,49,61,1.63,5,2.04,Putaran Pendek,Toyota,Presisi,Endurance
68.24,56,26,3.85,3,2.56,Berkelok-kelok,BMW,Strategis,Rally
78.54,49,92,0.71,2,3.25,Berkelok-kelok,Toyota,Berani,Nascar
62.09,43,64,3.49,2,2.0,Terjal dan Bergelombang,Toyota,Presisi,Endurance
68.67,39,31,4.3,5,1.54,Berkelok-kelok,Chevrolet,Fokus,Rally
76.05,44,46,3.98,6,2.39,Berkelok-kelok,Lancia,Presisi,Rally
56.59,46,35,3.69,5,2.84,Berkelok-kelok,Chevrolet,Strategis,Endurance
75.92,25,41,4.1,3,2.4,Berkelok-kelok,BMW,Adaptif,Rally
58.1,37,52,1.71,3,1.69,Putaran Pendek,Chevrolet,Fokus,Endurance
72.63,26,55,0.63,4,3.96,Putaran Pendek,Mercedes-Benz,Strategis,Nascar
72.68,56,84,0.8,3,1.46,Putaran Pendek,Mercedes-Benz,Disiplin,Nascar
89.39,35,77,1.44,3,3.6,Berkelok-kelok,Chevrolet,Presisi,Nascar
74.89,37,61,4.28,5,3.98,Terjal dan Bergelombang,Lancia,Fokus,Rally
94.45,29,71,1.24,6,1.02,Berkelok-kelok,Lancia,Berani,Nascar
92.31,31,67,0.12,3,2.89,Putaran Pendek,Mercedes-Benz,Disiplin,Nascar
67.0,21,70,2.44,5,0.98,Berkelok-kelok,Lancia,Strategis,Endurance
89.74,38,78,1.37,3,3.57,Berkelok-kelok,Mitsubishi,Adaptif,Nascar
85.56,26,69,2.16,3,2.92,Putaran Pendek,Lancia,Presisi,Nascar
75.42,39,87,1.42,3,1.44,Putaran Pendek,Mercedes-Benz,Adaptif,Nascar
75.07,50,64,3.59,6,3.91,Putaran Pendek,Lancia,Disiplin,Endurance
97.37,48,81,0.56,5,2.22,Berkelok-kelok,BMW,Presisi,Nascar
75.63,59,33,3.75,3,2.31,Berkelok-kelok,Mercedes-Benz,Disiplin,Rally
70.86,26,88,1.71,5,3.63,Putaran Pendek,Mitsubishi,Disiplin,Nascar
70.1,50,71,2.39,3,4.88,Berkelok-kelok,BMW,Presisi,Endurance
74.46,24,67,2.46,6,1.98,Putaran Pendek,Lancia,Fokus,Endurance
75.12,24,74,3.7,6,1.87,Berkelok-kelok,Chevrolet,Berani,Endurance
58.57,34,38,3.79,4,2.72,Putaran Pendek,Chevrolet,Disiplin,Rally
58.42,21,44,3.68,5,2.66,Terjal dan Bergelombang,Mitsubishi,Berani,Rally
70.89,29,64,3.56,4,3.7,Putaran Pendek,Lancia,Strategis,Endurance
64.95,36,63,3.99,5,1.66,Berkelok-kelok,Toyota,Fokus,Endurance
66.49,22,44,2.13,3,1.53,Putaran Pendek,Mercedes-Benz,Disiplin,Endurance
66.93,20,79,3.6,3,2.97,Berkelok-kelok,Chevrolet,Disiplin,Endurance
91.27,21,63,3.18,4,3.98,Berkelok-kelok,Chevrolet,Strategis,Nascar
62.33,31,36,5.0,6,1.11,Berkelok-kelok,Mitsubishi,Berani,Rally
58.94,39,57,1.82,2,1.32,Putaran Pendek,Lancia,Fokus,Endurance
63.77,31,42,2.9,3,2.07,Terjal dan Bergelombang,Chevrolet,Fokus,Rally
80.79,21,76,2.37,4,4.87,Putaran Pendek,BMW,Disiplin,Nascar
76.52,34,37,3.56,3,3.73,Terjal dan Bergelombang,Lancia,Fokus,Rally
80.35,25,74,2.58,6,3.0,Berkelok-kelok,Toyota,Berani,Nascar
84.9,36,69,0.9,3,1.82,Berkelok-kelok,BMW,Fokus,Nascar
93.51,57,85,0.95,5,1.25,Berkelok-kelok,Chevrolet,Presisi,Nascar
77.23,49,60,2.98,3,1.75,Berkelok-kelok,BMW,Presisi,Nascar
54.61,40,70,3.96,5,2.51,Berkelok-kelok,Toyota,Strategis,Endurance
73.92,33,45,4.03,6,1.78,Berkelok-kelok,Mitsubishi,Disiplin,Rally
90.24,42,77,2.39,3,1.58,Berkelok-kelok,Mercedes-Benz,Berani,Nascar
72.81,54,88,2.28,5,3.13,Berkelok-kelok,Toyota,Strategis,Nascar
66.99,52,36,4.3,3,1.35,Terjal dan Bergelombang,Mercedes-Benz,Berani,Rally
83.82,56,69,1.86,3,3.79,Putaran Pendek,Mitsubishi,Disiplin,Nascar
73.18,42,76,1.85,3,3.81,Putaran Pendek,Toyota,Adaptif,Nascar
48.32,25,69,3.52,3,3.52,Terjal dan Bergelombang,Chevrolet,Presisi,Endurance
80.88,34,52,0.99,3,3.88,Putaran Pendek,Lancia,Disiplin,Nascar
62.46,57,87,2.9,6,3.49,Berkelok-kelok,Lancia,Presisi,Endurance
70.4,30,50,2.82,2,3.71,Terjal dan Bergelombang,Mercedes-Benz,Adaptif,Endurance
80.54,40,24,3.14,3,3.5,Terjal dan Bergelombang,BMW,Disiplin,Rally
72.28,40,57,2.96,3,4.13,Berkelok-kelok,Mercedes-Benz,Strategis,Nascar
90.82,54,50,2.12,5,2.23,Putaran Pendek,Chevrolet,Strategis,Nascar
52.91,51,49,4.3,3,3.55,Putaran Pendek,Chevrolet,Disiplin,Rally
82.76,55,67,0.79,4,4.66,Terjal dan Bergelombang,Mitsubishi,Fokus,Nascar
52.71,44,64,4.47,4,3.33,Terjal dan Bergelombang,BMW,Strategis,Rally
85.08,47,70,2.03,5,3.7,Putaran Pendek,Toyota,Disiplin,Nascar
77.1,22,98,0.82,3,3.0,Putaran Pendek,BMW,Strategis,Nascar
79.2,43,69,3.23,4,2.95,Berkelok-kelok,Chevrolet,Adaptif,Endurance
63.71,40,50,3.86,6,4.9,Putaran Pendek,Mercedes-Benz,Berani,Rally
84.16,49,18,4.29,6,1.81,Putaran Pendek,BMW,Disiplin,Rally
60.94,27,41,1.98,3,3.14,Terjal dan Bergelombang,Chevrolet,Strategis,Endurance
54.33,52,39,3.91,3,4.89,Putaran Pendek,Mercedes-Benz,Adaptif,Rally
62.02,30,22,3.59,6,1.3,Putaran Pendek,Toyota,Strategis,Rally
76.27,52,25,4.45,5,1.8,Terjal dan Bergelombang,Mitsubishi,Adaptif,Rally
83.44,46,65,2.05,2,3.96,Berkelok-kelok,Mercedes-Benz,Fokus,Nascar
48.68,49,60,4.49,2,1.21,Putaran Pendek,Lancia,Fokus,Endurance
54.64,45,66,1.3,4,2.42,Berkelok-kelok,Lancia,Strategis,Endurance
85.91,57,95,2.29,3,5.0,Putaran Pendek,Toyota,Disiplin,Nascar
60.75,40,58,4.16,2,3.77,Putaran Pendek,BMW,Presisi,Rally
68.92,30,36,3.89,2,4.95,Berkelok-kelok,BMW,Adaptif,Rally
77.7,49,65,3.95,2,3.08,Berkelok-kelok,Mitsubishi,Strategis,Rally
52.59,55,51,3.78,3,4.69,Berkelok-kelok,BMW,Adaptif,Rally
64.2,57,49,3.26,3,4.19,Berkelok-kelok,Chevrolet,Strategis,Rally
71.8,27,66,3.06,2,4.43,Putaran Pendek,Chevrolet,Fokus,Endurance
65.72,30,28,4.39,4,1.73,Putaran Pendek,Toyota,Disiplin,Rally
61.29,58,47,3.11,2,3.19,Berkelok-kelok,Lancia,Adaptif,Rally
77.93,21,67,2.58,5,2.54,Berkelok-kelok,Toyota,Fokus,Nascar
87.29,23,58,1.63,3,3.3,Berkelok-kelok,Toyota,Strategis,Nascar
64.64,50,48,4.4,3,3.35,Terjal dan Bergelombang,Lancia,Berani,Rally
91.98,26,81,3.31,2,1.02,Berkelok-kelok,Mercedes-Benz,Presisi,Nascar
60.61,52,46,3.35,5,3.54,Berkelok-kelok,Mercedes-Benz,Fokus,Endurance
81.23,23,26,4.58,3,3.05,Berkelok-kelok,Lancia,Presisi,Rally
61.75,36,58,2.3,4,0.78,Berkelok-kelok,Chevrolet,Adaptif,Endurance
58.18,27,62,3.9,6,3.0,Terjal dan Bergelombang,Mitsubishi,Disiplin,Rally
93.7,21,69,2.64,3,1.55,Putaran Pendek,BMW,Berani,Nascar
88.34,48,65,0.77,6,3.51,Berkelok-kelok,Chevrolet,Fokus,Nascar
72.01,41,51,4.08,3,3.78,Putaran Pendek,Lancia,Disiplin,Rally
76.79,41,84,0.59,2,2.19,Terjal dan Bergelombang,Chevrolet,Presisi,Nascar
70.78,44,55,2.04,2,3.36,Berkelok-kelok,Toyota,Strategis,Endurance
58.06,55,26,3.34,2,4.43,Berkelok-kelok,BMW,Presisi,Rally
52.98,37,85,2.08,3,4.42,Putaran Pendek,Mitsubishi,Presisi,Endurance
61.75,39,53,3.34,4,3.77,Terjal dan Bergelombang,BMW,Disiplin,Rally
69.71,21,35,4.35,5,1.63,Putaran Pendek,BMW,Strategis,Rally
52.68,51,60,1.6,2,2.54,Putaran Pendek,Mercedes-Benz,Berani,Endurance
64.82,50,83,2.91,6,3.67,Terjal dan Bergelombang,Chevrolet,Disiplin,Endurance
56.97,26,45,4.24,2,2.37,Putaran Pendek,Mitsubishi,Fokus,Rally
73.14,33,75,3.24,2,1.63,Berkelok-kelok,Chevrolet,Strategis,Endurance
58.08,33,86,2.95,5,2.98,Terjal dan Bergelombang,BMW,Strategis,Endurance
72.07,33,57,1.98,3,3.35,Berkelok-kelok,Lancia,Fokus,Endurance
78.17,39,81,0.56,6,1.4,Berkelok-kelok,Mercedes-Benz,Strategis,Nascar
55.4,44,39,2.04,2,1.62,Berkelok-kelok,Mitsubishi,Berani,Endurance
66.13,50,24,3.71,6,3.54,Berkelok-kelok,Chevrolet,Adaptif,Rally
64.62,22,85,3.0,2,3.72,Berkelok-kelok,BMW,Fokus,Endurance
60.03,31,52,4.1,4,3.45,Berkelok-kelok,Chevrolet,Disiplin,Rally
54.18,34,74,2.08,3,3.26,Terjal dan Bergelombang,Lancia,Strategis,Endurance
56.4,35,73,4.67,2,3.16,Putaran Pendek,Toyota,Presisi,Rally
57.52,49,16,3.72,2,0.9,Berkelok-kelok,BMW,Strategis,Rally
62.76,33,50,2.38,3,3.74,Terjal dan Bergelombang,Mitsubishi,Disiplin,Endurance
76.91,59,98,1.81,4,3.53,Putaran Pendek,Lancia,Strategis,Nascar
70.14,54,45,3.53,5,4.13,Terjal dan Bergelombang,Toyota,Presisi,Rally
68.37,56,60,3.69,5,1.53,Terjal dan Bergelombang,Lancia,Adaptif,Rally
93.41,48,92,2.23,4,2.85,Terjal dan Bergelombang,Mercedes-Benz,Fokus,Nascar
62.1,59,48,1.59,4,4.76,Berkelok-kelok,Mitsubishi,Adaptif,Endurance
70.01,36,30,3.46,3,2.65,Terjal dan Bergelombang,Mitsubishi,Fokus,Rally
72.09,31,99,2.11,3,1.61,Berkelok-kelok,Chevrolet,Berani,Nascar
58.18,50,71,1.86,5,2.31,Berkelok-kelok,BMW,Strategis,Endurance
59.52,30,40,1.89,4,1.98,Putaran Pendek,Chevrolet,Berani,Endurance
72.95,43,61,3.63,3,2.96,Berkelok-kelok,BMW,Berani,Rally
72.14,23,65,2.41,5,3.84,Putaran Pendek,Toyota,Disiplin,Endurance
74.28,54,65,1.13,3,3.63,Putaran Pendek,Chevrolet,Strategis,Nascar
83.29,55,78,2.23,6,2.3,Berkelok-kelok,Lancia,Strategis,Nascar
64.3,51,72,2.9,5,1.7,Berkelok-kelok,Mitsubishi,Disiplin,Endurance
75.16,28,62,3.67,3,2.23,Berkelok-kelok,Mitsubishi,Disiplin,Endurance
77.87,21,50,1.83,6,5.0,Putaran Pendek,Toyota,Fokus,Endurance
66.98,39,28,3.36,2,1.35,Putaran Pendek,Toyota,Presisi,Rally
83.18,31,70,1.11,4,0.84,Putaran Pendek,Lancia,Berani,Nascar
92.73,56,96,2.34,5,4.68,Terjal dan Bergelombang,Mitsubishi,Fokus,Nascar
60.63,22,52,4.27,5,1.95,Berkelok-kelok,Mercedes-Benz,Disiplin,Rally
59.02,29,39,3.67,5,4.08,Berkelok-kelok,Mitsubishi,Strategis,Rally
54.95,46,77,3.1,5,1.22,Berkelok-kelok,Lancia,Strategis,Endurance
64.04,38,62,3.42,5,0.87,Putaran Pendek,Toyota,Fokus,Endurance
75.91,49,76,2.1,3,3.65,Berkelok-kelok,Mercedes-Benz,Presisi,Endurance
74.07,47,55,3.67,5,2.69,Putaran Pendek,BMW,Strategis,Rally
83.53,28,71,1.18,2,3.87,Terjal dan Bergelombang,Chevrolet,Fokus,Nascar
48.64,51,63,3.68,2,2.48,Berkelok-kelok,Chevrolet,Strategis,Endurance
63.9,39,29,3.58,6,2.78,Putaran Pendek,Chevrolet,Berani,Rally
66.14,53,47,3.45,3,2.53,Terjal dan Bergelombang,Mercedes-Benz,Adaptif,Endurance
71.93,26,57,2.83,3,3.04,Berkelok-kelok,BMW,Berani,Endurance
45.12,40,67,3.54,6,2.99,Berkelok-kelok,Chevrolet,Fokus,Endurance
66.37,28,79,2.49,3,4.08,Berkelok-kelok,Chevrolet,Strategis,Endurance
67.45,33,73,3.49,3,4.92,Putaran Pendek,Mercedes-Benz,Disiplin,Endurance
70.0,27,90,2.75,2,3.84,Berkelok-kelok,Mitsubishi,Strategis,Endurance
72.62,39,34,4.23,6,0.69,Putaran Pendek,Lancia,Adaptif,Rally
76.66,38,70,2.32,2,4.04,Putaran Pendek,BMW,Fokus,Nascar
52.28,56,65,1.67,6,3.99,Berkelok-kelok,Chevrolet,Fokus,Endurance
64.17,27,49,3.86,4,1.05,Putaran Pendek,Mitsubishi,Presisi,Rally
78.88,20,65,4.3,6,4.54,Berkelok-kelok,Mitsubishi,Adaptif,Rally
49.45,46,88,2.71,3,2.21,Berkelok-kelok,Chevrolet,Disiplin,Endurance
93.01,22,84,1.89,3,3.77,Terjal dan Bergelombang,Mitsubishi,Presisi,Nascar
80.01,58,66,3.18,5,4.33,Putaran Pendek,Mercedes-Benz,Strategis,Rally
91.87,29,67,2.27,2,2.74,Putaran Pendek,Mercedes-Benz,Fokus,Nascar
69.67,38,58,2.33,6,2.17,Berkelok-kelok,Mitsubishi,Disiplin,Endurance
76.95,22,37,3.66,6,4.37,Berkelok-kelok,Toyota,Fokus,Rally
78.56,55,56,3.75,6,3.74,Terjal dan Bergelombang,Mitsubishi,Berani,Rally
67.26,35,88,2.6,5,2.46,Berkelok-kelok,Toyota,Fokus,Endurance
73.55,27,50,3.9,5,3.94,Putaran Pendek,Chevrolet,Berani,Rally
76.21,44,69,3.02,3,1.04,Berkelok-kelok,Lancia,Strategis,Endurance
70.09,50,41,4.53,4,1.07,Terjal dan Bergelombang,Mercedes-Benz,Berani,Rally
68.08,41,89,1.64,3,2.87,Putaran Pendek,Mitsubishi,Fokus,Endurance
78.38,27,60,1.87,6,1.47,Berkelok-kelok,Mitsubishi,Fokus,Nascar
71.42,51,73,2.29,2,4.32,Putaran Pendek,BMW,Disiplin,Nascar
81.15,37,62,2.76,4,4.49,Putaran Pendek,Toyota,Fokus,Nascar
64.98,53,61,1.85,6,1.81,Berkelok-kelok,Mercedes-Benz,Presisi,Endurance
56.05,34,69,2.63,6,3.44,Putaran Pendek,Mercedes-Benz,Strategis,Endurance
78.78,34,41,4.35,3,3.25,Berkelok-kelok,Toyota,Strategis,Rally
70.13,44,45,2.18,5,2.65,Berkelok-kelok,Toyota,Presisi,Endurance
84.55,51,59,4.31,5,3.84,Berkelok-kelok,Chevrolet,Strategis,Rally
57.76,57,65,3.41,4,4.54,Putaran Pendek,Toyota,Presisi,Rally
64.93,33,24,4.37,6,2.27,Putaran Pendek,Chevrolet,Disiplin,Rally
70.5,41,57,1.94,2,4.82,Berkelok-kelok,BMW,Strategis,Nascar
87.5,57,75,2.69,2,2.0,Berkelok-kelok,Toyota,Berani,Nascar
69.18,35,56,1.96,3,1.06,Berkelok-kelok,BMW,Disiplin,Endurance
77.33,58,29,3.26,2,3.21,Putaran Pendek,BMW,Berani,Rally
65.18,56,52,2.77,5,1.29,Berkelok-kelok,Mitsubishi,Fokus,Endurance
74.98,32,90,2.51,3,4.84,Berkelok-kelok,Lancia,Disiplin,Nascar
65.12,21,55,4.46,2,1.49,Berkelok-kelok,Toyota,Berani,Rally
83.08,55,80,0.56,4,1.45,Berkelok-kelok,Mercedes-Benz,Presisi,Nascar
77.06,36,95,2.51,6,4.36,Putaran Pendek,Mercedes-Benz,Presisi,Nascar
74.45,45,66,4.27,4,1.29,Putaran Pendek,Mitsubishi,Adaptif,Rally
92.43,26,63,0.9,4,3.18,Putaran Pendek,Toyota,Fokus,Nascar
87.08,25,85,1.23,3,4.12,Putaran Pendek,BMW,Fokus,Nascar
58.35,48,59,4.23,2,4.67,Putaran Pendek,Mitsubishi,Strategis,Rally
74.29,34,72,4.76,2,3.39,Berkelok-kelok,BMW,Disiplin,Rally
52.4,45,73,3.59,3,4.69,Putaran Pendek,Mercedes-Benz,Berani,Endurance
78.29,20,27,3.45,3,1.75,Putaran Pendek,Chevrolet,Berani,Rally
75.57,47,68,2.28,4,2.32,Berkelok-kelok,Chevrolet,Presisi,Nascar
62.21,40,44,3.25,4,4.07,Berkelok-kelok,Chevrolet,Disiplin,Endurance
61.9,35,57,3.17,2,1.22,Berkelok-kelok,Lancia,Fokus,Endurance
57.77,54,91,2.12,3,4.19,Berkelok-kelok,BMW,Strategis,Endurance
52.04,35,64,2.84,5,2.21,Putaran Pendek,Lancia,Adaptif,Endurance
86.45,25,58,1.95,2,2.61,Terjal dan Bergelombang,Mitsubishi,Strategis,Nascar
85.76,39,65,0.56,6,3.7,Putaran Pendek,Mercedes-Benz,Presisi,Nascar
58.44,29,93,1.91,3,2.36,Putaran Pendek,Lancia,Adaptif,Endurance
51.87,23,86,3.07,6,4.56,Berkelok-kelok,Lancia,Fokus,Endurance
70.89,48,71,4.04,3,3.98,Terjal dan Bergelombang,Lancia,Berani,Rally
71.34,27,35,3.73,5,4.34,Terjal dan Bergelombang,Chevrolet,Disiplin,Rally
64.92,33,36,4.79,4,4.92,Putaran Pendek,Mitsubishi,Fokus,Rally
69.57,28,64,3.9,6,3.46,Putaran Pendek,Mitsubishi,Adaptif,Rally
73.61,37,61,1.77,3,3.19,Putaran Pendek,BMW,Berani,Nascar
92.82,46,94,1.58,2,1.17,Berkelok-kelok,BMW,Fokus,Nascar
69.92,25,69,1.58,4,3.35,Putaran Pendek,BMW,Fokus,Nascar
87.57,52,88,2.31,5,3.05,Berkelok-kelok,Mercedes-Benz,Presisi,Nascar
71.95,54,70,1.85,3,4.77,Putaran Pendek,BMW,Disiplin,Endurance
90.21,24,95,1.2,5,3.08,Terjal dan Bergelombang,Mercedes-Benz,Strategis,Nascar
77.54,20,35,4.37,4,4.08,Berkelok-kelok,Chevrolet,Fokus,Rally
54.87,44,25,4.28,5,3.37,Putaran Pendek,Mitsubishi,Berani,Rally
67.75,27,21,4.31,6,3.68,Berkelok-kelok,Mercedes-Benz,Berani,Rally
79.49,35,50,3.32,4,3.5,Putaran Pendek,Toyota,Strategis,Endurance
70.95,31,53,2.3,5,5.0,Berkelok-kelok,Mercedes-Benz,Strategis,Endurance
79.65,47,75,0.66,3,2.81,Berkelok-kelok,BMW,Adaptif,Nascar
47.64,33,82,2.32,2,4.1,Putaran Pendek,Toyota,Berani,Endurance
61.96,54,60,3.88,3,2.68,Putaran Pendek,Mitsubishi,Disiplin,Rally
86.7,21,63,2.13,4,0.83,Terjal dan Bergelombang,Mercedes-Benz,Berani,Nascar
65.88,41,60,3.41,5,2.38,Terjal dan Bergelombang,Lancia,Presisi,Endurance
69.08,58,23,3.99,2,1.09,Putaran Pendek,Lancia,Presisi,Rally
73.61,21,41,4.72,4,3.0,Putaran Pendek,Toyota,Disiplin,Rally
49.88,28,46,3.9,3,3.26,Berkelok-kelok,Chevrolet,Strategis,Endurance
74.82,29,95,2.77,5,1.03,Berkelok-kelok,Mercedes-Benz,Disiplin,Nascar
64.07,21,73,3.4,2,1.37,Berkelok-kelok,Mitsubishi,Adaptif,Endurance
51.53,32,29,4.26,3,1.89,Putaran Pendek,Chevrolet,Disiplin,Rally
70.48,44,71,2.25,3,4.42,Terjal dan Bergelombang,Lancia,Disiplin,Endurance
66.62,59,53,4.07,2,0.91,Berkelok-kelok,Chevrolet,Adaptif,Rally
68.06,42,72,3.26,3,1.03,Berkelok-kelok,BMW,Disiplin,Endurance
59.84,53,53,4.66,5,3.1,Berkelok-kelok,BMW,Presisi,Rally
77.35,58,55,4.32,6,4.03,Terjal dan Bergelombang,Mercedes-Benz,Presisi,Rally
79.36,29,60,3.21,3,1.21,Putaran Pendek,BMW,Berani,Nascar
59.59,51,43,4.19,5,1.1,Berkelok-kelok,Lancia,Disiplin,Rally
66.0,22,38,4.35,6,2.52,Terjal dan Bergelombang,Chevrolet,Strategis,Rally
76.43,50,73,2.14,3,4.09,Berkelok-kelok,BMW,Presisi,Nascar
58.83,52,73,3.47,2,2.29,Berkelok-kelok,Toyota,Disiplin,Endurance
70.91,48,55,4.41,2,2.87,Berkelok-kelok,BMW,Disiplin,Rally
66.87,43,48,3.45,4,4.5,Berkelok-kelok,Mercedes-Benz,Fokus,Rally
70.06,58,72,1.61,5,3.56,Berkelok-kelok,BMW,Adaptif,Nascar
78.03,22,83,2.05,2,4.85,Berkelok-kelok,Lancia,Adaptif,Nascar
89.14,23,65,1.92,5,1.46,Putaran Pendek,Mercedes-Benz,Adaptif,Nascar
48.85,35,51,1.89,2,1.35,Berkelok-kelok,Lancia,Presisi,Endurance
59.82,44,45,2.59,6,4.96,Terjal dan Bergelombang,Lancia,Fokus,Endurance
95.46,46,98,2.07,6,2.54,Putaran Pendek,Toyota,Strategis,Nascar
75.13,48,26,3.85,5,4.09,Berkelok-kelok,Mitsubishi,Adaptif,Rally
75.42,25,59,3.53,2,4.08,Putaran Pendek,BMW,Berani,Rally
78.67,44,66,0.72,5,1.14,Berkelok-kelok,BMW,Fokus,Nascar
68.17,32,80,1.98,2,2.74,Putaran Pendek,Lancia,Fokus,Endurance
67.47,36,50,2.39,6,2.55,Terjal dan Bergelombang,Mercedes-Benz,Disiplin,Endurance
60.01,47,82,2.89,6,1.75,Berkelok-kelok,Lancia,Adaptif,Endurance
58.97,25,48,1.74,3,3.38,Berkelok-kelok,Mitsubishi,Berani,Endurance
72.1,27,81,1.4,2,1.45,Terjal dan Bergelombang,Mercedes-Benz,Berani,Nascar
58.45,51,63,4.22,3,5.0,Putaran Pendek,Chevrolet,Disiplin,Rally
90.01,48,77,1.75,5,3.7,Berkelok-kelok,BMW,Disiplin,Nascar
80.25,21,64,2.96,3,3.39,Berkelok-kelok,Toyota,Strategis,Nascar
92.0,50,76,2.35,2,2.5,Putaran Pendek,Chevrolet,Disiplin,Nascar
95.85,34,90,2.85,2,4.26,Putaran Pendek,Toyota,Berani,Nascar
59.6,58,76,3.63,3,3.39,Berkelok-kelok,Mitsubishi,Adaptif,Endurance
59.34,45,59,3.36,2,3.2,Berkelok-kelok,Lancia,Berani,Endurance
75.72,43,95,1.26,6,2.32,Terjal dan Bergelombang,Lancia,Fokus,Nascar
68.99,35,64,2.29,2,2.54,Putaran Pendek,Toyota,Presisi,Endurance
73.36,38,79,1.42,2,3.12,Berkelok-kelok,Mercedes-Benz,Adaptif,Endurance
50.13,41,74,1.88,4,4.97,Berkelok-kelok,Mercedes-Benz,Fokus,Endurance
61.41,52,22,4.5,2,1.05,Berkelok-kelok,Lancia,Strategis,Rally
70.82,23,90,3.88,4,2.04,Berkelok-kelok,Mitsubishi,Presisi,Endurance
52.65,58,58,3.06,2,1.51,Putaran Pendek,Lancia,Berani,Endurance
54.39,44,45,3.13,2,3.71,Putaran Pendek,Chevrolet,Fokus,Endurance
78.2,36,48,3.46,4,1.31,Berkelok-kelok,Lancia,Berani,Rally
65.15,22,36,3.57,5,3.37,Putaran Pendek,Mitsubishi,Disiplin,Rally
73.75,35,53,3.26,6,4.32,Putaran Pendek,BMW,Strategis,Nascar
81.15,48,65,0.92,3,1.29,Putaran Pendek,Toyota,Disiplin,Nascar
73.73,37,54,4.53,2,4.24,Putaran Pendek,BMW,Fokus,Rally
64.27,39,43,4.38,3,1.9,Putaran Pendek,Mercedes-Benz,Berani,Rally
68.13,35,66,1.42,2,2.88,Putaran Pendek,Mitsubishi,Disiplin,Nascar
64.04,47,49,3.76,3,1.87,Berkelok-kelok,Toyota,Fokus,Endurance
54.78,23,31,3.53,5,2.96,Berkelok-kelok,Mitsubishi,Berani,Rally
65.0,22,62,2.25,3,2.89,Berkelok-kelok,BMW,Fokus,Endurance
88.49,30,52,1.56,2,4.5,Berkelok-kelok,Mitsubishi,Adaptif,Nascar
89.88,28,61,3.07,3,4.31,Putaran Pendek,Lancia,Berani,Nascar
77.91,50,78,2.47,3,4.43,Terjal dan Bergelombang,Mercedes-Benz,Adaptif,Nascar
58.27,25,39,3.6,4,1.87,Putaran Pendek,Lancia,Strategis,Rally
71.5,42,75,2.31,4,3.14,Putaran Pendek,Chevrolet,Fokus,Endurance
64.5,37,58,1.48,5,2.63,Terjal dan Bergelombang,BMW,Fokus,Endurance
58.73,33,59,1.69,3,2.58,Terjal dan Bergelombang,Mitsubishi,Disiplin,Endurance
88.16,52,97,2.75,4,4.65,Terjal dan Bergelombang,Mitsubishi,Adaptif,Nascar
63.3,34,34,3.99,3,2.81,Putaran Pendek,Mercedes-Benz,Strategis,Rally
58.56,51,45,4.12,6,2.16,Putaran Pendek,Toyota,Berani,Rally
85.64,52,69,2.5,3,1.42,Berkelok-kelok,Chevrolet,Fokus,Nascar
79.81,48,65,2.67,5,2.41,Putaran Pendek,Mercedes-Benz,Disiplin,Nascar
70.95,56,32,4.52,6,4.23,Terjal dan Bergelombang,Toyota,Fokus,Rally
86.82,50,100,1.38,6,2.85,Terjal dan Bergelombang,BMW,Disiplin,Nascar
79.45,41,52,3.42,5,2.46,Putaran Pendek,BMW,Berani,Rally
74.2,34,57,3.24,4,1.97,Berkelok-kelok,Chevrolet,Strategis,Endurance
78.36,41,76,0.99,3,1.37,Putaran Pendek,Mitsubishi,Presisi,Nascar
71.48,37,52,2.55,3,3.83,Berkelok-kelok,Chevrolet,Strategis,Endurance
65.93,51,45,2.31,6,1.34,Berkelok-kelok,Mercedes-Benz,Fokus,Endurance
51.21,22,82,1.64,2,3.44,Putaran Pendek,BMW,Fokus,Endurance
79.32,40,88,1.4,4,1.65,Putaran Pendek,BMW,Disiplin,Nascar
65.86,39,22,4.37,5,3.45,Berkelok-kelok,BMW,Fokus,Rally
57.45,59,53,2.75,3,4.66,Terjal dan Bergelombang,Chevrolet,Disiplin,Endurance
57.91,47,18,3.66,4,2.84,Terjal dan Bergelombang,Lancia,Fokus,Rally
69.64,43,38,2.1,3,4.12,Terjal dan Bergelombang,Mitsubishi,Strategis,Endurance
66.57,27,54,5.0,5,2.09,Berkelok-kelok,Mitsubishi,Adaptif,Rally
60.01,25,69,2.27,2,2.62,Terjal dan Bergelombang,BMW,Strategis,Endurance
61.02,34,62,4.34,6,2.13,Putaran Pendek,BMW,Strategis,Rally
66.17,57,52,4.69,6,4.35,Berkelok-kelok,Chevrolet,Adaptif,Rally
74.84,45,68,3.17,3,3.65,Putaran Pendek,Toyota,Presisi,Nascar
51.23,53,80,2.41,5,4.43,Putaran Pendek,Chevrolet,Strategis,Endurance
71.5,54,82,3.47,6,1.88,Berkelok-kelok,Mitsubishi,Berani,Endurance
83.89,29,62,3.13,4,3.05,Terjal dan Bergelombang,BMW,Disiplin,Nascar
79.31,46,32,3.9,3,4.21,Putaran Pendek,BMW,Strategis,Rally
53.1,55,79,3.83,3,4.05,Putaran Pendek,Mercedes-Benz,Fokus,Endurance
68.72,26,41,3.01,6,4.63,Berkelok-kelok,Toyota,Presisi,Endurance
68.28,38,53,3.82,4,3.27,Berkelok-kelok,BMW,Berani,Endurance
53.24,28,65,2.57,2,4.23,Putaran Pendek,Chevrolet,Fokus,Endurance
73.41,39,44,4.91,6,2.57,Berkelok-kelok,Mitsubishi,Fokus,Rally
81.56,42,84,0.63,4,4.01,Terjal dan Bergelombang,Chevrolet,Berani,Nascar
74.86,21,69,4.46,2,2.59,Putaran Pendek,BMW,Disiplin,Rally
67.67,37,61,4.17,2,1.45,Putaran Pendek,Lancia,Adaptif,Rally
62.67,44,59,3.7,3,1.66,Terjal dan Bergelombang,BMW,Disiplin,Rally
81.45,35,36,3.77,5,4.26,Putaran Pendek,Lancia,Disiplin,Rally
64.17,53,72,3.69,2,2.79,Berkelok-kelok,Mercedes-Benz,Strategis,Endurance
79.86,58,52,1.53,4,2.84,Berkelok-kelok,Chevrolet,Presisi,Nascar
55.18,47,52,3.69,6,3.76,Berkelok-kelok,Toyota,Berani,Endurance
77.1,23,57,1.49,6,5.0,Berkelok-kelok,Mercedes-Benz,Disiplin,Nascar
66.21,39,58,2.99,3,2.52,Putaran Pendek,Mercedes-Benz,Fokus,Endurance
71.43,42,61,1.04,4,3.56,Putaran Pendek,Lancia,Presisi,Nascar
81.42,31,66,4.38,4,2.89,Berkelok-kelok,Mitsubishi,Presisi,Rally
74.69,47,20,4.97,5,2.29,Berkelok-kelok,Lancia,Disiplin,Rally
57.17,39,64,4.61,2,2.24,Putaran Pendek,Lancia,Berani,Endurance
85.55,32,59,1.5,6,3.47,Berkelok-kelok,Chevrolet,Disiplin,Nascar
63.1,24,46,3.29,4,3.17,Putaran Pendek,Mitsubishi,Berani,Endurance
65.05,42,63,2.13,4,5.0,Berkelok-kelok,Chevrolet,Disiplin,Endurance
62.44,22,51,2.36,2,4.0,Terjal dan Bergelombang,Lancia,Disiplin,Endurance
71.88,38,60,3.82,3,1.49,Berkelok-kelok,Toyota,Presisi,Rally
53.54,59,81,1.42,3,2.14,Berkelok-kelok,Chevrolet,Strategis,Endurance
61.86,33,45,4.57,3,2.83,Terjal dan Bergelombang,Lancia,Fokus,Rally
53.31,32,80,2.74,4,4.0,Putaran Pendek,Mitsubishi,Strategis,Endurance
74.88,36,92,1.88,6,4.6,Terjal dan Bergelombang,BMW,Presisi,Endurance
56.96,41,60,4.15,4,1.61,Terjal dan Bergelombang,Toyota,Fokus,Rally
96.33,26,66,2.6,5,3.57,Putaran Pendek,Lancia,Strategis,Nascar
65.02,56,36,4.01,6,4.52,Putaran Pendek,Mitsubishi,Strategis,Rally
56.39,30,75,3.4,5,2.29,Berkelok-kelok,BMW,Strategis,Endurance
66.82,22,16,3.45,6,1.0,Putaran Pendek,BMW,Presisi,Rally
81.03,29,73,4.0,2,4.42,Putaran Pendek,Mercedes-Benz,Presisi,Rally
51.33,58,75,2.79,4,0.93,Terjal dan Bergelombang,Lancia,Disiplin,Endurance
72.08,53,64,4.42,6,4.38,Putaran Pendek,Mitsubishi,Strategis,Rally
68.97,21,73,1.39,2,2.1,Berkelok-kelok,Toyota,Berani,Nascar
64.25,52,91,2.41,4,1.93,Berkelok-kelok,Lancia,Fokus,Endurance
77.69,47,70,2.23,3,4.58,Berkelok-kelok,BMW,Berani,Nascar
64.65,42,63,3.41,4,1.93,Berkelok-kelok,Chevrolet,Fokus,Endurance
75.63,45,73,2.24,6,1.77,Terjal dan Bergelombang,BMW,Fokus,Nascar
57.92,55,44,3.51,4,3.59,Putaran Pendek,Toyota,Disiplin,Rally
76.96,27,52,3.54,3,4.52,Berkelok-kelok,Lancia,Presisi,Rally
71.39,33,87,3.96,2,0.75,Berkelok-kelok,Mercedes-Benz,Fokus,Endurance
78.33,53,67,3.0,2,1.12,Berkelok-kelok,Mercedes-Benz,Fokus,Nascar
90.18,59,76,1.44,3,1.94,Putaran Pendek,Chevrolet,Adaptif,Nascar
71.24,47,64,4.55,5,1.72,Berkelok-kelok,BMW,Adaptif,Rally
64.45,36,52,4.35,5,2.58,Berkelok-kelok,Mitsubishi,Presisi,Rally
58.69,53,80,3.29,5,3.81,Putaran Pendek,BMW,Presisi,Endurance
70.46,31,89,2.07,4,0.95,Putaran Pendek,Lancia,Strategis,Nascar
84.67,58,71,2.54,5,2.58,Berkelok-kelok,Toyota,Fokus,Nascar
91.29,42,71,2.17,6,4.46,Putaran Pendek,Lancia,Berani,Nascar
80.88,32,78,1.8,5,1.67,Putaran Pendek,Mitsubishi,Fokus,Nascar
76.66,48,85,2.9,4,3.87,Putaran Pendek,Lancia,Disiplin,Nascar
92.79,21,76,1.06,4,3.48,Berkelok-kelok,BMW,Disiplin,Nascar
79.79,35,90,1.25,2,3.86,Terjal dan Bergelombang,Toyota,Presisi,Nascar
56.51,46,52,4.62,4,2.27,Putaran Pendek,BMW,Berani,Rally
76.57,27,83,0.86,3,4.47,Putaran Pendek,Lancia,Presisi,Nascar
72.31,44,54,3.93,2,4.17,Terjal dan Bergelombang,Chevrolet,Presisi,Rally
78.64,43,93,0.86,5,3.43,Putaran Pendek,Chevrolet,Berani,Nascar
70.29,59,41,3.75,2,2.25,Berkelok-kelok,BMW,Adaptif,Rally
85.98,26,97,1.68,6,0.95,Berkelok-kelok,Lancia,Strategis,Nascar
55.12,24,51,3.78,4,3.16,Berkelok-kelok,Mitsubishi,Fokus,Rally
61.14,43,43,3.5,2,2.02,Putaran Pendek,Lancia,Presisi,Rally
69.17,26,66,1.53,6,2.32,Berkelok-kelok,Lancia,Adaptif,Endurance
71.16,27,59,4.17,2,3.26,Putaran Pendek,Lancia,Fokus,Rally
84.71,20,93,3.11,5,4.97,Berkelok-kelok,Mitsubishi,Berani,Nascar
79.61,40,87,0.6,3,2.59,Terjal dan Bergelombang,Chevrolet,Strategis,Nascar
74.56,50,73,2.04,5,0.71,Berkelok-kelok,Lancia,Fokus,Endurance
61.95,30,55,2.52,6,4.16,Berkelok-kelok,Mitsubishi,Disiplin,Endurance
90.39,38,75,1.88,4,2.44,Putaran Pendek,Mercedes-Benz,Adaptif,Nascar
58.99,48,31,3.06,3,3.51,Berkelok-kelok,Lancia,Strategis,Rally
53.88,55,58,3.9,5,3.56,Terjal dan Bergelombang,Chevrolet,Presisi,Rally
85.31,24,70,2.53,4,2.59,Putaran Pendek,Mercedes-Benz,Fokus,Nascar
75.51,45,75,2.35,6,2.96,Berkelok-kelok,Mitsubishi,Strategis,Endurance
56.03,29,57,1.23,4,2.17,Terjal dan Bergelombang,Mercedes-Benz,Strategis,Endurance
76.22,56,43,4.57,5,2.03,Putaran Pendek,Chevrolet,Presisi,Rally
59.75,40,32,3.48,6,2.43,Terjal dan Bergelombang,Toyota,Adaptif,Rally
84.36,51,93,3.0,2,2.67,Terjal dan Bergelombang,Mercedes-Benz,Presisi,Nascar
65.86,48,54,2.79,4,2.68,Terjal dan Bergelombang,BMW,Strategis,Endurance
53.33,30,48,1.99,3,1.02,Putaran Pendek,Mitsubishi,Strategis,Endurance
81.02,56,55,2.89,5,3.78,Putaran Pendek,BMW,Adaptif,Nascar
70.34,22,66,1.16,2,1.64,Berkelok-kelok,Chevrolet,Strategis,Nascar
79.66,39,93,2.64,3,2.58,Putaran Pendek,Mitsubishi,Presisi,Nascar
66.56,29,69,4.21,2,3.11,Putaran Pendek,Lancia,Strategis,Rally
84.15,28,70,2.09,4,1.06,Putaran Pendek,Lancia,Fokus,Nascar
87.76,51,70,2.66,6,1.97,Berkelok-kelok,Mitsubishi,Berani,Nascar
73.71,32,87,3.57,5,4.72,Putaran Pendek,Mercedes-Benz,Berani,Endurance
75.99,54,83,0.98,5,2.08,Terjal dan Bergelombang,Mercedes-Benz,Strategis,Nascar
68.28,23,75,1.58,2,4.83,Putaran Pendek,Toyota,Adaptif,Nascar
94.55,50,84,2.13,5,2.61,Putaran Pendek,BMW,Disiplin,Nascar
68.73,45,28,3.84,5,2.16,Berkelok-kelok,Chevrolet,Berani,Rally
80.97,26,74,1.46,6,4.36,Putaran Pendek,BMW,Berani,Nascar
55.38,25,65,4.61,6,3.1,Berkelok-kelok,Toyota,Disiplin,Rally
86.62,34,72,0.51,5,4.04,Putaran Pendek,Toyota,Berani,Nascar
74.63,54,59,0.59,5,2.83,Putaran Pendek,Mitsubishi,Strategis,Nascar
78.63,45,77,2.68,5,3.36,Berkelok-kelok,Lancia,Presisi,Nascar
62.41,32,28,4.46,6,4.72,Putaran Pendek,Mitsubishi,Berani,Rally
79.22,20,41,3.94,2,4.91,Putaran Pendek,Toyota,Adaptif,Rally
78.5,42,84,1.87,6,2.77,Terjal dan Bergelombang,Mercedes-Benz,Presisi,Nascar
63.2,45,69,3.51,2,1.81,Putaran Pendek,Mitsubishi,Strategis,Rally
73.38,26,73,1.53,6,2.43,Berkelok-kelok,Chevrolet,Adaptif,Endurance
59.44,36,76,2.95,5,2.23,Terjal dan Bergelombang,Toyota,Strategis,Endurance
68.05,25,17,3.83,2,4.91,Putaran Pendek,Mercedes-Benz,Disiplin,Rally
78.37,31,61,3.92,4,2.09,Berkelok-kelok,Mitsubishi,Fokus,Rally
64.47,55,45,3.8,3,1.3,Berkelok-kelok,Lancia,Fokus,Rally
64.2,54,57,3.91,4,4.52,Berkelok-kelok,BMW,Presisi,Endurance
70.64,30,70,3.14,6,5.0,Putaran Pendek,Toyota,Strategis,Nascar
69.32,31,32,3.19,5,1.54,Putaran Pendek,BMW,Fokus,Rally
82.06,45,63,2.25,2,1.91,Berkelok-kelok,Mitsubishi,Disiplin,Nascar
89.74,51,75,0.85,2,3.98,Putaran Pendek,Chevrolet,Presisi,Nascar
71.14,36,55,4.1,2,3.64,Putaran Pendek,Toyota,Adaptif,Rally
89.35,38,81,2.2,5,3.79,Putaran Pendek,Toyota,Disiplin,Nascar
63.32,27,26,4.08,2,3.53,Berkelok-kelok,Toyota,Adaptif,Rally
58.16,26,57,2.56,3,4.57,Berkelok-kelok,Toyota,Disiplin,Endurance
59.09,24,32,3.97,3,2.61,Terjal dan Bergelombang,Mitsubishi,Adaptif,Rally
52.63,38,44,2.3,3,1.88,Putaran Pendek,BMW,Adaptif,Endurance
86.55,20,81,2.28,4,2.81,Putaran Pendek,Chevrolet,Strategis,Nascar
82.51,54,100,1.16,2,3.87,Terjal dan Bergelombang,Mercedes-Benz,Adaptif,Nascar
82.68,54,85,1.14,5,3.1,Terjal dan Bergelombang,BMW,Adaptif,Nascar
58.79,45,52,3.9,4,1.84,Berkelok-kelok,Mercedes-Benz,Berani,Rally
66.21,44,80,2.53,2,3.15,Berkelok-kelok,Mitsubishi,Disiplin,Endurance
68.96,27,46,2.91,6,1.62,Terjal dan Bergelombang,Chevrolet,Fokus,Endurance
76.62,53,36,3.87,2,4.19,Berkelok-kelok,Toyota,Berani,Rally
83.74,32,59,1.53,4,3.53,Berkelok-kelok,Lancia,Presisi,Nascar
77.41,23,61,0.94,6,5.0,Putaran Pendek,Mitsubishi,Adaptif,Nascar
90.61,26,65,1.96,4,2.16,Berkelok-kelok,Mercedes-Benz,Adaptif,Nascar
53.04,34,57,2.2,3,3.49,Putaran Pendek,Toyota,Berani,Endurance
66.44,55,65,4.08,4,2.34,Berkelok-kelok,Mercedes-Benz,Disiplin,Rally
69.52,53,64,3.19,3,4.37,Berkelok-kelok,Chevrolet,Berani,Rally
96.37,52,67,1.2,3,4.24,Berkelok-kelok,Mitsubishi,Berani,Nascar
67.21,22,83,2.57,4,3.65,Putaran Pendek,BMW,Disiplin,Nascar
85.27,30,57,0.79,4,3.08,Terjal dan Bergelombang,Mitsubishi,Disiplin,Nascar
66.16,32,80,3.49,3,1.23,Berkelok-kelok,Lancia,Adaptif,Endurance
60.64,20,75,1.37,6,1.36,Berkelok-kelok,Mercedes-Benz,Disiplin,Endurance
49.31,49,71,1.53,2,1.79,Terjal dan Bergelombang,Mitsubishi,Strategis,Endurance
75.49,24,71,2.99,5,3.94,Berkelok-kelok,Mercedes-Benz,Fokus,Rally
56.12,56,38,4.83,4,3.02,Berkelok-kelok,BMW,Presisi,Rally
73.6,26,65,2.6,2,2.44,Terjal dan Bergelombang,Mitsubishi,Disiplin,Nascar
63.99,43,49,4.5,5,4.42,Terjal dan Bergelombang,Chevrolet,Berani,Rally
86.25,46,68,1.93,6,4.28,Putaran Pendek,Lancia,Disiplin,Nascar
80.38,35,40,3.76,2,5.0,Terjal dan Bergelombang,BMW,Fokus,Rally
68.76,25,54,2.23,6,3.33,Berkelok-kelok,Toyota,Fokus,Endurance
65.8,43,50,1.82,6,2.43,Putaran Pendek,BMW,Berani,Endurance
56.03,23,63,1.47,4,4.31,Berkelok-kelok,Mitsubishi,Strategis,Endurance
62.85,41,27,3.97,3,4.03,Putaran Pendek,Lancia,Fokus,Rally
79.16,21,63,3.53,3,1.29,Berkelok-kelok,Chevrolet,Berani,Rally
57.17,49,66,4.6,5,2.38,Putaran Pendek,Lancia,Disiplin,Rally
72.56,53,76,4.13,6,4.68,Putaran Pendek,Mercedes-Benz,Adaptif,Endurance
68.21,27,25,4.16,5,3.79,Putaran Pendek,Lancia,Berani,Rally
53.12,37,79,2.2,2,2.31,Berkelok-kelok,Chevrolet,Fokus,Endurance
79.55,35,77,2.46,6,2.32,Terjal dan Bergelombang,Toyota,Presisi,Nascar
71.04,48,47,3.96,2,3.89,Berkelok-kelok,Chevrolet,Berani,Rally
65.87,44,83,2.27,2,1.26,Berkelok-kelok,Chevrolet,Berani,Endurance
87.81,34,58,0.32,3,3.92,Putaran Pendek,Mitsubishi,Berani,Nascar
74.22,20,86,2.75,5,3.62,Berkelok-kelok,BMW,Presisi,Nascar
92.73,46,54,2.04,5,0.68,Putaran Pendek,Chevrolet,Disiplin,Nascar
78.33,33,55,4.51,3,1.4,Putaran Pendek,Chevrolet,Fokus,Rally
89.28,33,91,0.65,4,2.9,Berkelok-kelok,Mitsubishi,Disiplin,Nascar
89.84,48,69,2.76,2,1.67,Terjal dan Bergelombang,Toyota,Strategis,Nascar
85.78,55,81,0.98,6,4.57,Berkelok-kelok,Mitsubishi,Disiplin,Nascar
92.7,50,64,2.39,3,1.6,Putaran Pendek,BMW,Strategis,Nascar
76.3,58,54,4.0,2,3.13,Putaran Pendek,Mitsubishi,Strategis,Endurance
91.95,27,93,1.76,3,4.59,Terjal dan Bergelombang,Lancia,Presisi,Nascar
58.57,53,50,3.17,4,1.97,Terjal dan Bergelombang,Chevrolet,Fokus,Endurance
57.5,40,62,3.2,3,2.43,Putaran Pendek,Lancia,Presisi,Endurance
95.02,32,98,1.71,2,2.95,Putaran Pendek,Lancia,Berani,Nascar
44.12,30,52,2.12,2,2.39,Putaran Pendek,Mercedes-Benz,Strategis,Endurance
71.01,32,68,2.81,2,2.66,Terjal dan Bergelombang,Chevrolet,Berani,Endurance
77.44,44,20,4.37,2,2.01,Putaran Pendek,Mercedes-Benz,Presisi,Rally
71.32,33,60,3.49,6,3.85,Terjal dan Bergelombang,Mercedes-Benz,Disiplin,Rally
86.01,54,83,2.24,2,1.64,Terjal dan Bergelombang,Mercedes-Benz,Fokus,Nascar
89.4,51,72,1.82,2,4.01,Terjal dan Bergelombang,BMW,Presisi,Nascar
63.13,42,54,2.43,4,3.6,Terjal dan Bergelombang,Lancia,Strategis,Endurance
70.23,31,59,4.92,5,1.98,Putaran Pendek,Chevrolet,Strategis,Rally
76.97,25,61,1.27,6,3.1,Putaran Pendek,Lancia,Berani,Nascar
61.14,44,83,1.25,6,4.05,Terjal dan Bergelombang,Mercedes-Benz,Disiplin,Endurance
60.87,38,47,3.92,4,4.24,Berkelok-kelok,Lancia,Strategis,Endurance
77.87,37,70,1.86,2,2.41,Putaran Pendek,BMW,Fokus,Nascar
61.1,56,71,3.06,5,3.34,Putaran Pendek,Chevrolet,Presisi,Endurance
69.34,29,51,3.41,2,3.55,Terjal dan Bergelombang,BMW,Fokus,Rally
74.07,39,81,0.74,6,1.51,Putaran Pendek,Toyota,Presisi,Nascar
60.37,25,83,2.24,2,1.86,Terjal dan Bergelombang,Lancia,Disiplin,Endurance
64.65,45,49,2.23,5,2.25,Berkelok-kelok,Mercedes-Benz,Adaptif,Endurance
66.29,44,59,2.63,6,1.95,Berkelok-kelok,Lancia,Disiplin,Endurance
65.08,45,49,4.31,2,2.26,Terjal dan Bergelombang,Lancia,Disiplin,Rally
93.73,37,66,2.12,2,2.51,Putaran Pendek,Mitsubishi,Presisi,Nascar
77.0,57,89,1.79,4,4.96,Putaran Pendek,Chevrolet,Presisi,Nascar
71.83,56,81,1.68,2,2.63,Berkelok-kelok,Mercedes-Benz,Berani,Endurance
76.55,48,48,3.81,5,4.43,Putaran Pendek,Mercedes-Benz,Disiplin,Endurance
70.32,53,76,2.27,2,2.55,Berkelok-kelok,BMW,Disiplin,Endurance
85.0,34,68,1.96,6,1.68,Putaran Pendek,Toyota,Presisi,Nascar
80.97,44,77,0.81,4,4.73,Putaran Pendek,Mercedes-Benz,Fokus,Nascar
69.35,29,94,3.35,2,4.69,Putaran Pendek,Mitsubishi,Fokus,Nascar
81.37,42,73,2.56,6,4.35,Putaran Pendek,Lancia,Fokus,Nascar
84.12,39,89,2.18,5,1.74,Berkelok-kelok,Chevrolet,Berani,Nascar
86.92,32,84,3.02,4,4.81,Putaran Pendek,Toyota,Strategis,Nascar
78.07,49,87,2.2,4,2.37,Putaran Pendek,Toyota,Strategis,Nascar
95.73,56,74,2.54,2,3.62,Terjal dan Bergelombang,Chevrolet,Adaptif,Nascar
73.22,21,88,2.51,2,0.81,Putaran Pendek,Toyota,Strategis,Nascar
76.92,46,90,0.49,3,3.1,Berkelok-kelok,Lancia,Presisi,Nascar
61.6,28,33,4.18,4,2.63,Putaran Pendek,Mercedes-Benz,Adaptif,Rally
79.01,57,28,4.28,3,4.62,Berkelok-kelok,Lancia,Strategis,Rally
72.65,34,30,3.44,2,3.76,Putaran Pendek,Mitsubishi,Fokus,Rally
53.46,49,75,2.44,2,1.48,Putaran Pendek,Toyota,Strategis,Endurance
68.58,36,64,4.1,2,2.66,Terjal dan Bergelombang,Mercedes-Benz,Disiplin,Rally
94.79,59,82,1.62,3,4.18,Berkelok-kelok,Lancia,Fokus,Nascar
72.57,56,34,3.84,3,1.54,Putaran Pendek,Chevrolet,Berani,Rally
90.11,34,81,2.7,3,3.92,Putaran Pendek,Mitsubishi,Presisi,Nascar
94.41,24,73,2.65,6,1.25,Terjal dan Bergelombang,Lancia,Disiplin,Nascar
66.86,46,97,0.98,4,1.77,Putaran Pendek,Mitsubishi,Fokus,Nascar
82.16,25,73,1.99,6,1.61,Berkelok-kelok,Lancia,Fokus,Nascar
62.38,39,72,3.71,4,1.6,Terjal dan Bergelombang,Mercedes-Benz,Fokus,Rally
76.34,45,97,0.2,5,1.57,Berkelok-kelok,Toyota,Presisi,Nascar
79.04,50,46,3.76,6,2.93,Berkelok-kelok,Lancia,Disiplin,Rally
81.51,34,61,1.69,5,4.56,Berkelok-kelok,Chevrolet,Berani,Nascar
50.97,59,56,1.97,3,1.86,Berkelok-kelok,BMW,Presisi,Endurance
92.23,59,84,1.85,2,4.25,Putaran Pendek,Mitsubishi,Adaptif,Nascar
72.45,40,80,2.42,6,2.89,Putaran Pendek,Mitsubishi,Presisi,Nascar
58.1,27,36,4.29,4,4.17,Putaran Pendek,Chevrolet,Presisi,Rally
59.84,30,59,1.75,5,4.05,Berkelok-kelok,Toyota,Adaptif,Endurance
57.01,38,55,1.97,2,2.95,Putaran Pendek,Mercedes-Benz,Disiplin,Endurance
77.49,49,90,1.68,4,1.75,Berkelok-kelok,Chevrolet,Strategis,Nascar
74.22,25,43,4.02,5,3.36,Putaran Pendek,Toyota,Strategis,Rally
51.49,35,60,4.29,2,3.49,Berkelok-kelok,Mitsubishi,Berani,Rally
85.32,42,98,1.46,4,2.16,Berkelok-kelok,Mercedes-Benz,Strategis,Nascar
78.13,49,100,1.57,2,4.72,Berkelok-kelok,Mitsubishi,Fokus,Nascar
79.46,48,81,0.62,3,1.5,Putaran Pendek,Toyota,Strategis,Nascar
79.08,29,82,1.45,3,1.48,Berkelok-kelok,Mitsubishi,Berani,Nascar
51.77,39,28,4.02,4,2.0,Putaran Pendek,Mercedes-Benz,Strategis,Rally
74.0,35,91,2.92,2,2.14,Terjal dan Bergelombang,BMW,Presisi,Nascar
65.98,57,83,3.22,5,4.28,Putaran Pendek,Mitsubishi,Adaptif,Endurance
58.39,49,55,3.81,2,3.9,Putaran Pendek,Toyota,Disiplin,Endurance
65.45,57,28,4.07,2,1.17,Berkelok-kelok,BMW,Fokus,Rally
57.61,27,43,4.24,4,4.41,Berkelok-kelok,Chevrolet,Adaptif,Rally
65.53,29,47,4.03,5,1.57,Berkelok-kelok,Lancia,Strategis,Rally
74.35,49,68,3.68,3,1.53,Terjal dan Bergelombang,Lancia,Disiplin,Rally
64.83,28,22,4.88,4,1.23,Terjal dan Bergelombang,Mitsubishi,Presisi,Rally
91.3,30,86,1.71,4,1.26,Terjal dan Bergelombang,Chevrolet,Berani,Nascar
76.99,24,39,3.75,5,1.27,Putaran Pendek,Toyota,Strategis,Rally
74.18,25,69,3.6,2,2.52,Berkelok-kelok,BMW,Disiplin,Endurance
58.77,50,73,2.55,4,3.41,Putaran Pendek,Mercedes-Benz,Berani,Endurance
73.5,54,85,1.68,3,3.53,Berkelok-kelok,Mitsubishi,Strategis,Endurance
58.65,38,51,3.48,2,1.98,Berkelok-kelok,Toyota,Fokus,Endurance
94.79,48,64,0.8,4,4.68,Putaran Pendek,Mitsubishi,Disiplin,Nascar
52.96,37,80,2.82,6,1.75,Putaran Pendek,Lancia,Disiplin,Endurance
74.55,20,82,3.39,3,4.5,Terjal dan Bergelombang,Chevrolet,Presisi,Nascar
63.55,43,54,3.84,2,3.37,Berkelok-kelok,Mitsubishi,Disiplin,Endurance
66.9,39,61,4.26,6,1.08,Putaran Pendek,Chevrolet,Fokus,Rally
78.33,59,49,4.13,6,2.1,Terjal dan Bergelombang,Toyota,Berani,Rally
63.74,55,66,4.06,5,1.89,Berkelok-kelok,Chevrolet,Presisi,Endurance
91.47,38,81,1.87,6,1.01,Terjal dan Bergelombang,Mitsubishi,Presisi,Nascar
47.22,54,52,4.1,3,2.56,Berkelok-kelok,Mercedes-Benz,Fokus,Rally
79.5,44,70,2.36,5,2.64,Putaran Pendek,Toyota,Strategis,Nascar
51.77,36,52,2.2,6,2.79,Putaran Pendek,Chevrolet,Disiplin,Endurance
63.26,52,61,3.68,3,3.18,Putaran Pendek,Mercedes-Benz,Adaptif,Rally
60.56,22,51,4.24,2,1.87,Berkelok-kelok,Lancia,Strategis,Rally
72.78,37,37,4.12,3,3.87,Berkelok-kelok,Mercedes-Benz,Fokus,Rally
59.07,37,47,4.19,3,1.36,Putaran Pendek,Mitsubishi,Disiplin,Rally
63.17,55,73,3.16,6,2.81,Terjal dan Bergelombang,Mercedes-Benz,Fokus,Endurance
56.67,44,49,1.22,3,4.4,Putaran Pendek,Mercedes-Benz,Strategis,Endurance
69.92,20,53,3.74,6,3.17,Terjal dan Bergelombang,Lancia,Fokus,Rally
64.61,34,22,4.14,3,3.96,Putaran Pendek,Chevrolet,Adaptif,Rally
79.92,36,57,3.88,4,1.75,Putaran Pendek,Mitsubishi,Strategis,Rally
57.31,36,57,1.87,5,2.94,Terjal dan Bergelombang,Mercedes-Benz,Fokus,Endurance
68.4,20,91,3.32,2,1.57,Berkelok-kelok,Mercedes-Benz,Strategis,Endurance
76.03,50,82,0.17,3,2.64,Putaran Pendek,Mercedes-Benz,Adaptif,Nascar
65.25,51,31,3.02,3,3.02,Putaran Pendek,BMW,Strategis,Rally
68.95,26,56,2.2,3,2.19,Berkelok-kelok,Chevrolet,Disiplin,Endurance
75.11,48,89,2.43,2,1.68,Terjal dan Bergelombang,Mitsubishi,Fokus,Endurance
82.04,21,82,0.57,6,4.35,Putaran Pendek,Mercedes-Benz,Presisi,Nascar
54.99,59,68,1.34,4,1.93,Terjal dan Bergelombang,Chevrolet,Disiplin,Endurance
53.26,31,34,3.96,6,1.65,Putaran Pendek,Toyota,Berani,Rally
73.95,54,48,3.58,4,1.84,Putaran Pendek,BMW,Disiplin,Rally
75.34,36,67,0.34,5,3.13,Putaran Pendek,Lancia,Presisi,Nascar
62.82,34,66,2.41,2,1.65,Berkelok-kelok,Mitsubishi,Fokus,Endurance
76.57,49,70,0.22,3,2.02,Berkelok-kelok,Mitsubishi,Disiplin,Nascar
70.9,51,42,2.45,4,3.57,Putaran Pendek,Mercedes-Benz,Presisi,Endurance
60.41,33,55,4.16,5,2.04,Putaran Pendek,Toyota,Disiplin,Rally
82.19,45,96,1.77,3,2.46,Putaran Pendek,BMW,Berani,Nascar
66.71,22,54,3.58,4,2.74,Berkelok-kelok,Mercedes-Benz,Strategis,Endurance
75.38,31,25,3.59,2,1.97,Putaran Pendek,Mitsubishi,Fokus,Rally
89.52,20,100,1.29,6,1.63,Terjal dan Bergelombang,Mitsubishi,Presisi,Nascar
90.45,25,94,2.51,5,1.81,Putaran Pendek,Lancia,Adaptif,Nascar
74.21,53,62,4.64,6,1.54,Berkelok-kelok,BMW,Fokus,Rally
53.05,39,49,4.04,3,2.98,Berkelok-kelok,Toyota,Presisi,Rally
81.63,32,72,3.22,4,1.64,Berkelok-kelok,Mitsubishi,Strategis,Rally
54.55,48,53,3.74,3,3.85,Terjal dan Bergelombang,Chevrolet,Strategis,Endurance
65.63,25,86,1.33,3,1.55,Berkelok-kelok,Mitsubishi,Berani,Endurance
53.8,20,53,4.41,4,2.85,Putaran Pendek,Mitsubishi,Strategis,Endurance
59.25,26,91,2.15,3,3.88,Berkelok-kelok,Chevrolet,Adaptif,Endurance
77.42,31,28,3.91,6,2.72,Putaran Pendek,Mercedes-Benz,Berani,Rally
42.89,34,43,3.5,5,1.33,Terjal dan Bergelombang,Mercedes-Benz,Berani,Endurance
78.42,30,82,0.74,6,1.64,Berkelok-kelok,Toyota,Presisi,Nascar
44.94,37,45,2.75,2,3.45,Berkelok-kelok,Toyota,Fokus,Endurance
74.84,42,58,4.23,5,3.88,Berkelok-kelok,BMW,Adaptif,Rally
61.07,26,29,3.33,2,1.82,Terjal dan Bergelombang,Mercedes-Benz,Disiplin,Rally
61.98,37,78,2.67,3,2.58,Berkelok-kelok,Chevrolet,Fokus,Endurance
74.59,57,80,1.33,5,1.39,Berkelok-kelok,Chevrolet,Disiplin,Nascar
67.82,47,56,2.0,4,1.14,Berkelok-kelok,Lancia,Presisi,Endurance
73.12,56,71,2.19,5,3.6,Putaran Pendek,Toyota,Strategis,Endurance
59.18,42,26,3.16,6,4.67,Terjal dan Bergelombang,Mitsubishi,Presisi,Rally
93.7,23,61,0.78,2,2.69,Putaran Pendek,Mercedes-Benz,Strategis,Nascar
82.5,29,75,1.65,3,3.5,Berkelok-kelok,BMW,Adaptif,Nascar
78.91,42,60,2.46,5,0.96,Berkelok-kelok,Toyota,Berani,Endurance
90.3,47,64,2.97,2,2.83,Putaran Pendek,Mercedes-Benz,Adaptif,Nascar
51.11,20,57,3.09,2,5.0,Berkelok-kelok,Mitsubishi,Presisi,Endurance
66.09,39,37,3.43,2,4.13,Terjal dan Bergelombang,Mitsubishi,Berani,Rally
88.33,36,80,2.1,4,2.09,Putaran Pendek,Mercedes-Benz,Fokus,Nascar
75.4,57,58,1.55,6,1.43,Terjal dan Bergelombang,Mitsubishi,Berani,Nascar
75.59,34,78,0.6,6,1.83,Berkelok-kelok,Toyota,Adaptif,Nascar
58.71,31,39,4.79,5,5.0,Putaran Pendek,Lancia,Berani,Rally
82.74,27,80,0.61,3,2.37,Putaran Pendek,Chevrolet,Strategis,Nascar
60.89,24,52,1.84,2,4.33,Berkelok-kelok,Chevrolet,Strategis,Endurance
92.48,49,80,1.69,6,0.65,Putaran Pendek,BMW,Presisi,Nascar
60.32,37,88,2.48,6,4.44,Terjal dan Bergelombang,Mitsubishi,Berani,Endurance
54.8,47,48,4.42,6,2.58,Berkelok-kelok,Mitsubishi,Presisi,Rally
57.27,54,86,3.74,5,4.33,Berkelok-kelok,Mitsubishi,Fokus,Endurance
79.56,23,66,2.89,3,3.68,Putaran Pendek,Lancia,Fokus,Nascar
92.3,53,99,1.35,4,1.87,Berkelok-kelok,Toyota,Fokus,Nascar
77.09,57,63,4.09,6,1.34,Putaran Pendek,Mercedes-Benz,Fokus,Rally
64.71,49,29,4.03,2,3.24,Putaran Pendek,Chevrolet,Fokus,Rally
55.24,35,78,3.55,3,2.17,Terjal dan Bergelombang,Lancia,Strategis,Endurance
64.9,22,58,2.06,3,1.94,Berkelok-kelok,Mitsubishi,Strategis,Endurance
62.63,52,53,4.19,6,1.15,Terjal dan Bergelombang,Toyota,Strategis,Rally
69.07,47,87,3.88,2,4.51,Berkelok-kelok,Mercedes-Benz,Berani,Endurance
74.5,42,48,4.06,2,2.07,Berkelok-kelok,Toyota,Adaptif,Rally
72.7,32,54,3.04,6,2.86,Putaran Pendek,Mitsubishi,Strategis,Endurance
66.19,59,68,1.66,3,3.35,Terjal dan Bergelombang,BMW,Strategis,Endurance
52.85,34,49,1.61,4,1.81,Terjal dan Bergelombang,Mitsubishi,Berani,Endurance
59.71,39,89,1.86,6,1.79,Berkelok-kelok,Lancia,Berani,Endurance
76.03,34,97,2.38,4,4.15,Terjal dan Bergelombang,Mitsubishi,Strategis,Nascar
68.45,28,43,2.74,5,0.77,Putaran Pendek,Mercedes-Benz,Disiplin,Endurance
75.99,47,88,1.3,2,2.86,Berkelok-kelok,Lancia,Berani,Nascar
69.17,34,48,3.86,3,1.18,Berkelok-kelok,Chevrolet,Adaptif,Rally
70.85,49,67,2.07,2,1.61,Berkelok-kelok,Mercedes-Benz,Adaptif,Nascar
53.81,35,28,4.29,3,3.54,Terjal dan Bergelombang,BMW,Strategis,Rally
61.38,40,78,4.07,2,3.85,Berkelok-kelok,BMW,Disiplin,Endurance
70.56,28,34,4.22,6,3.9,Terjal dan Bergelombang,Mercedes-Benz,Adaptif,Rally
51.41,54,89,2.43,5,3.22,Berkelok-kelok,Mitsubishi,Adaptif,Endurance
64.55,34,70,1.91,3,3.52,Berkelok-kelok,Chevrolet,Strategis,Endurance
69.96,56,33,4.08,2,2.62,Putaran Pendek,Mitsubishi,Disiplin,Rally
67.98,57,57,2.1,2,1.76,Berkelok-kelok,Mitsubishi,Fokus,Endurance
75.76,38,60,3.53,6,4.6,Berkelok-kelok,Mitsubishi,Presisi,Rally
72.17,52,64,2.29,6,1.42,Putaran Pendek,Chevrolet,Adaptif,Nascar
71.17,44,39,4.54,6,4.65,Putaran Pendek,Chevrolet,Disiplin,Rally
98.29,48,78,0.97,6,3.43,Terjal dan Bergelombang,Mercedes-Benz,Presisi,Nascar
59.8,32,68,5.0,5,4.13,Putaran Pendek,Mitsubishi,Strategis,Rally
57.17,30,55,4.23,3,3.63,Terjal dan Bergelombang,Lancia,Berani,Rally
56.65,32,53,2.1,2,4.26,Berkelok-kelok,BMW,Disiplin,Endurance
75.17,43,41,2.8,4,2.81,Berkelok-kelok,Mitsubishi,Strategis,Endurance
62.08,41,40,4.49,3,1.34,Terjal dan Bergelombang,Lancia,Berani,Rally
